ts,dispositivo_id,p_ac_kw,irradiancia_wm2,temp_modulo_c
2026-10-05 00:00:00,1,0.0,0.0,22.0
2026-10-05 00:05:00,1,0.0,0.0,22.0
2026-10-05 00:10:00,1,0.0,0.0,22.0
2026-10-05 00:15:00,1,0.0,,22.0
2026-10-05 00:20:00,1,0.0,0.0,22.0
2026-10-05 00:25:00,1,0.0,0.0,22.0
2026-10-05 00:30:00,1,0.0,0.0,22.0
2026-10-05 00:35:00,1,0.0,0.0,22.0
2026-10-05 00:40:00,1,0.0,0.0,22.0
2026-10-05 00:45:00,1,0.0,0.0,22.0
2026-10-05 00:50:00,1,0.0,0.0,22.0
2026-10-05 00:55:00,1,0.0,0.0,22.0
2026-10-05 00:55:00,1,0.0,0.0,22.0
2026-10-05 01:00:00,1,0.0,0.0,22.0
2026-10-05 01:05:00,1,0.0,0.0,22.0
2026-10-05 01:10:00,1,0.0,0.0,22.0
2026-10-05 01:15:00,1,0.0,0.0,22.0
2026-10-05 01:20:00,1,0.0,0.0,22.0
2026-10-05 01:25:00,1,0.0,0.0,22.0
2026-10-05 01:30:00,1,0.0,0.0,22.0
2026-10-05 01:35:00,1,0.0,0.0,22.0
2026-10-05 01:40:00,1,0.0,0.0,22.0
2026-10-05 01:45:00,1,0.0,0.0,22.0
2026-10-05 01:50:00,1,0.0,0.0,22.0
2026-10-05 01:55:00,1,0.0,0.0,22.0
2026-10-05 02:00:00,1,0.0,0.0,22.0
2026-10-05 02:05:00,1,0.0,0.0,22.0
2026-10-05 02:10:00,1,0.0,0.0,22.0
2026-10-05 02:15:00,1,0.0,0.0,22.0
2026-10-05 02:20:00,1,0.0,0.0,22.0
2026-10-05 02:25:00,1,0.0,0.0,22.0
2026-10-05 02:30:00,1,0.0,0.0,22.0
2026-10-05 02:35:00,1,0.0,0.0,22.0
2026-10-05 02:40:00,1,0.0,0.0,22.0
2026-10-05 02:45:00,1,0.0,0.0,22.0
2026-10-05 02:50:00,1,0.0,0.0,22.0
2026-10-05 02:55:00,1,0.0,0.0,22.0
2026-10-05 03:00:00,1,0.0,0.0,22.0
2026-10-05 03:05:00,1,0.0,0.0,22.0
2026-10-05 03:10:00,1,0.0,0.0,22.0
2026-10-05 03:15:00,1,0.0,0.0,22.0
2026-10-05 03:20:00,1,0.0,0.0,22.0
2026-10-05 03:25:00,1,0.0,0.0,22.0
2026-10-05 03:30:00,1,0.0,0.0,22.0
2026-10-05 03:35:00,1,0.0,0.0,22.0
2026-10-05 03:40:00,1,0.0,0.0,22.0
2026-10-05 03:45:00,1,0.0,0.0,22.0
2026-10-05 03:50:00,1,0.0,0.0,22.0
2026-10-05 03:55:00,1,0.0,0.0,22.0
2026-10-05 04:00:00,1,0.0,0.0,22.0
2026-10-05 04:05:00,1,0.0,0.0,22.0
2026-10-05 04:10:00,1,0.0,0.0,22.0
2026-10-05 04:15:00,1,0.0,0.0,22.0
2026-10-05 04:20:00,1,0.0,0.0,22.0
2026-10-05 04:25:00,1,0.0,0.0,22.0
2026-10-05 04:30:00,1,0.0,0.0,22.0
2026-10-05 04:35:00,1,0.0,0.0,22.0
2026-10-05 04:40:00,1,-1,0.0,22.0
2026-10-05 04:45:00,1,0.0,,22.0
2026-10-05 04:50:00,1,0.0,0.0,22.0
2026-10-05 04:55:00,1,0.0,0.0,22.0
2026-10-05 05:00:00,1,0.0,0.0,22.0
2026-10-05 05:00:00,1,0.0,0.0,22.0
2026-10-05 05:05:00,1,0.0,0.0,22.0
2026-10-05 05:10:00,1,0.0,0.0,22.0
2026-10-05 05:15:00,1,0.0,0.0,22.0
2026-10-05 05:20:00,1,0.0,0.0,22.0
2026-10-05 05:25:00,1,0.0,0.0,22.0
2026-10-05 05:30:00,1,0.0,0.0,22.0
2026-10-05 05:35:00,1,0.0,0.0,22.0
2026-10-05 05:40:00,1,0.0,0.0,22.0
2026-10-05 05:45:00,1,0.0,,22.0
2026-10-05 05:50:00,1,0.0,0.0,22.0
2026-10-05 05:55:00,1,0.0,0.0,22.0
2026-10-05 06:00:00,1,0.0,0.0,22.0
2026-10-05 06:05:00,1,0.068,16.3,22.7
2026-10-05 06:10:00,1,0.185,43.5,23.3
2026-10-05 06:15:00,1,0.193,48.3,24.0
2026-10-05 06:20:00,1,0.357,84.8,24.6
2026-10-05 06:25:00,1,0.407,94.1,25.3
2026-10-05 06:30:00,1,0.461,105.8,25.9
2026-10-05 06:35:00,1,0.468,110.5,26.6
2026-10-05 06:40:00,1,0.673,149.7,27.2
2026-10-05 06:45:00,1,0.562,138.2,27.9
2026-10-05 06:50:00,1,0.714,170.8,28.5
2026-10-05 06:55:00,1,0.704,168.3,29.1
2026-10-05 07:00:00,1,0.876,217.3,29.8
2026-10-05 07:05:00,1,0.823,201.1,30.4
2026-10-05 07:10:00,1,1.056,236.3,31.0
2026-10-05 07:15:00,1,0.965,232.5,31.6
2026-10-05 07:20:00,1,1.127,266.6,32.3
2026-10-05 07:25:00,1,1.532,352.4,32.9
2026-10-05 07:30:00,1,1.58,356.1,33.5
2026-10-05 07:35:00,1,1.348,300.3,34.1
2026-10-05 07:40:00,1,1.61,357.7,34.7
2026-10-05 07:45:00,1,1.816,410.3,35.3
2026-10-05 07:50:00,1,1.616,399.8,35.9
2026-10-05 07:55:00,1,1.725,397.2,36.4
2026-10-05 08:00:00,1,1.619,398.0,37.0
2026-10-05 08:05:00,1,1.648,,37.6
2026-10-05 08:10:00,1,-1,534.6,38.1
2026-10-05 08:15:00,1,1.754,391.9,38.7
2026-10-05 08:20:00,1,2.264,528.7,39.2
2026-10-05 08:25:00,1,2.456,565.6,39.7
2026-10-05 08:30:00,1,2.35,571.7,40.3
2026-10-05 08:35:00,1,2.649,608.7,40.8
2026-10-05 08:40:00,1,2.373,541.5,41.3
2026-10-05 08:45:00,1,2.075,508.7,41.8
2026-10-05 08:50:00,1,2.658,631.3,42.3
2026-10-05 08:55:00,1,2.495,592.8,42.7
2026-10-05 09:00:00,1,3.061,693.4,43.2
2026-10-05 09:05:00,1,2.577,616.2,43.7
2026-10-05 09:10:00,1,2.785,631.3,44.1
2026-10-05 09:15:00,1,2.232,540.1,44.6
2026-10-05 09:20:00,1,2.89,686.6,45.0
2026-10-05 09:25:00,1,3.045,757.7,45.4
2026-10-05 09:30:00,1,2.402,562.8,45.8
2026-10-05 09:35:00,1,2.712,,46.2
2026-10-05 09:40:00,1,2.835,707.3,46.6
2026-10-05 09:45:00,1,2.421,598.8,46.9
2026-10-05 09:50:00,1,2.474,591.4,47.3
2026-10-05 09:55:00,1,2.467,611.0,47.6
2026-10-05 10:00:00,1,2.709,637.0,48.0
2026-10-05 10:05:00,1,2.884,644.6,48.3
2026-10-05 10:10:00,1,2.811,625.1,48.6
2026-10-05 10:15:00,1,3.519,786.5,48.9
2026-10-05 10:20:00,1,3.548,847.2,49.2
2026-10-05 10:25:00,1,3.166,777.5,49.5
2026-10-05 10:30:00,1,3.759,853.5,49.7
2026-10-05 10:35:00,1,3.478,856.0,50.0
2026-10-05 10:40:00,1,2.904,705.2,50.2
2026-10-05 10:45:00,1,3.865,903.1,50.4
2026-10-05 10:50:00,1,3.527,794.2,50.6
2026-10-05 10:55:00,1,3.684,863.5,50.8
2026-10-05 11:00:00,1,3.466,837.2,51.0
2026-10-05 11:05:00,1,3.804,859.7,51.1
2026-10-05 11:10:00,1,2.915,714.8,51.3
2026-10-05 11:15:00,1,4.093,934.3,51.4
2026-10-05 11:20:00,1,3.943,960.6,51.5
2026-10-05 11:25:00,1,3.465,779.6,51.7
2026-10-05 11:30:00,1,3.779,863.8,51.7
2026-10-05 11:35:00,1,4.121,948.7,51.8
2026-10-05 11:40:00,1,3.233,769.2,51.9
2026-10-05 11:45:00,1,3.768,934.5,51.9
2026-10-05 11:50:00,1,3.228,748.0,52.0
2026-10-05 11:55:00,1,4.127,952.2,52.0
2026-10-05 12:00:00,1,4.305,998.7,52.0
2026-10-05 12:05:00,1,3.65,864.8,52.0
2026-10-05 12:10:00,1,3.587,893.5,52.0
2026-10-05 12:15:00,1,3.447,856.9,51.9
2026-10-05 12:20:00,1,3.552,838.7,51.9
2026-10-05 12:25:00,1,3.174,725.6,51.8
2026-10-05 12:30:00,1,3.261,774.1,51.7
2026-10-05 12:35:00,1,3.741,866.3,51.7
2026-10-05 12:40:00,1,3.942,925.3,51.5
2026-10-05 12:45:00,1,3.045,737.6,51.4
2026-10-05 12:50:00,1,3.689,852.1,51.3
2026-10-05 12:55:00,1,4.04,929.5,51.1
2026-10-05 13:00:00,1,3.296,732.9,51.0
2026-10-05 13:00:00,1,3.296,732.9,51.0
2026-10-05 13:05:00,1,3.826,949.0,50.8
2026-10-05 13:10:00,1,4.063,914.5,50.6
2026-10-05 13:15:00,1,3.671,835.6,50.4
2026-10-05 13:20:00,1,3.933,939.1,50.2
2026-10-05 13:25:00,1,2.83,664.6,50.0
2026-10-05 13:30:00,1,4.06,907.0,49.7
2026-10-05 13:35:00,1,3.334,805.1,49.5
2026-10-05 13:40:00,1,2.756,640.1,49.2
2026-10-05 13:45:00,1,3.48,796.3,48.9
2026-10-05 13:50:00,1,3.791,872.2,48.6
2026-10-05 13:55:00,1,3.783,853.7,48.3
2026-10-05 14:00:00,1,3.084,770.0,48.0
2026-10-05 14:05:00,1,3.492,779.1,47.6
2026-10-05 14:10:00,1,3.7,832.9,47.3
2026-10-05 14:15:00,1,2.766,648.3,46.9
2026-10-05 14:20:00,1,2.691,598.4,46.6
2026-10-05 14:25:00,1,3.531,786.3,46.2
2026-10-05 14:30:00,1,2.66,639.5,45.8
2026-10-05 14:35:00,1,2.948,683.7,45.4
2026-10-05 14:40:00,1,2.965,706.8,45.0
2026-10-05 14:45:00,1,2.733,675.9,44.6
2026-10-05 14:50:00,1,2.373,527.6,44.1
2026-10-05 14:55:00,1,2.188,510.8,43.7
2026-10-05 15:00:00,1,2.467,591.6,43.2
2026-10-05 15:05:00,1,-1,634.5,42.7
2026-10-05 15:10:00,1,2.391,590.2,42.3
2026-10-05 15:15:00,1,2.244,512.2,41.8
2026-10-05 15:20:00,1,2.461,571.9,41.3
2026-10-05 15:25:00,1,2.589,581.3,40.8
2026-10-05 15:30:00,1,2.416,,40.3
2026-10-05 15:35:00,1,2.218,528.3,39.7
2026-10-05 15:40:00,1,1.829,428.7,39.2
2026-10-05 15:45:00,1,1.755,393.9,38.7
2026-10-05 15:50:00,1,1.95,441.7,38.1
2026-10-05 15:55:00,1,2.091,500.2,37.6
2026-10-05 16:00:00,1,1.766,422.7,37.0
2026-10-05 16:05:00,1,1.752,398.9,36.4
2026-10-05 16:10:00,1,1.648,399.0,35.9
2026-10-05 16:15:00,1,1.255,311.5,35.3
2026-10-05 16:20:00,1,1.551,351.1,34.7
2026-10-05 16:25:00,1,1.34,304.9,34.1
2026-10-05 16:30:00,1,1.46,355.1,33.5
2026-10-05 16:35:00,1,1.282,293.9,32.9
2026-10-05 16:40:00,1,1.343,311.3,32.3
2026-10-05 16:45:00,1,1.127,274.3,31.6
2026-10-05 16:50:00,1,1.049,235.7,31.0
2026-10-05 16:55:00,1,0.989,232.6,30.4
2026-10-05 17:00:00,1,0.83,,29.8
2026-10-05 17:05:00,1,0.73,173.7,29.1
2026-10-05 17:10:00,1,0.702,156.3,28.5
2026-10-05 17:15:00,1,0.694,169.4,27.9
2026-10-05 17:20:00,1,0.738,173.2,27.2
2026-10-05 17:25:00,1,0.498,122.0,26.6
2026-10-05 17:30:00,1,0.491,122.3,25.9
2026-10-05 17:35:00,1,0.34,80.4,25.3
2026-10-05 17:40:00,1,0.337,77.9,24.6
2026-10-05 17:45:00,1,0.236,54.7,24.0
2026-10-05 17:50:00,1,0.145,33.1,23.3
2026-10-05 17:55:00,1,0.075,17.1,22.7
2026-10-05 18:00:00,1,0.0,0.0,22.0
2026-10-05 18:05:00,1,0.0,0.0,22.0
2026-10-05 18:10:00,1,0.0,0.0,22.0
2026-10-05 18:15:00,1,0.0,0.0,22.0
2026-10-05 18:20:00,1,0.0,0.0,22.0
2026-10-05 18:25:00,1,0.0,0.0,22.0
2026-10-05 18:30:00,1,0.0,0.0,22.0
2026-10-05 18:35:00,1,0.0,0.0,22.0
2026-10-05 18:40:00,1,0.0,0.0,22.0
2026-10-05 18:45:00,1,0.0,0.0,22.0
2026-10-05 18:50:00,1,0.0,0.0,22.0
2026-10-05 18:55:00,1,-1,0.0,22.0
2026-10-05 19:00:00,1,0.0,0.0,22.0
2026-10-05 19:05:00,1,-1,0.0,22.0
2026-10-05 19:10:00,1,0.0,0.0,22.0
2026-10-05 19:15:00,1,0.0,0.0,22.0
2026-10-05 19:20:00,1,0.0,0.0,22.0
2026-10-05 19:25:00,1,0.0,0.0,22.0
2026-10-05 19:30:00,1,0.0,0.0,22.0
2026-10-05 19:35:00,1,0.0,,22.0
2026-10-05 19:40:00,1,0.0,0.0,22.0
2026-10-05 19:45:00,1,0.0,0.0,22.0
2026-10-05 19:50:00,1,0.0,0.0,22.0
2026-10-05 19:55:00,1,0.0,0.0,22.0
2026-10-05 20:00:00,1,0.0,0.0,22.0
2026-10-05 20:05:00,1,0.0,0.0,22.0
2026-10-05 20:10:00,1,0.0,0.0,22.0
2026-10-05 20:15:00,1,0.0,0.0,22.0
2026-10-05 20:20:00,1,0.0,0.0,22.0
2026-10-05 20:25:00,1,0.0,0.0,22.0
2026-10-05 20:30:00,1,0.0,0.0,22.0
2026-10-05 20:35:00,1,0.0,0.0,22.0
2026-10-05 20:40:00,1,0.0,0.0,22.0
2026-10-05 20:45:00,1,0.0,0.0,22.0
2026-10-05 20:50:00,1,0.0,0.0,22.0
2026-10-05 20:55:00,1,0.0,0.0,22.0
2026-10-05 21:00:00,1,0.0,0.0,22.0
2026-10-05 21:05:00,1,0.0,0.0,22.0
2026-10-05 21:10:00,1,0.0,0.0,22.0
2026-10-05 21:15:00,1,0.0,0.0,22.0
2026-10-05 21:20:00,1,0.0,0.0,22.0
2026-10-05 21:25:00,1,0.0,0.0,22.0
2026-10-05 21:30:00,1,0.0,0.0,22.0
2026-10-05 21:35:00,1,0.0,0.0,22.0
2026-10-05 21:40:00,1,0.0,0.0,22.0
2026-10-05 21:45:00,1,0.0,0.0,22.0
2026-10-05 21:45:00,1,0.0,0.0,22.0
2026-10-05 21:50:00,1,0.0,0.0,22.0
2026-10-05 21:55:00,1,0.0,0.0,22.0
2026-10-05 22:00:00,1,0.0,,22.0
2026-10-05 22:05:00,1,0.0,0.0,22.0
2026-10-05 22:10:00,1,0.0,0.0,22.0
2026-10-05 22:15:00,1,0.0,0.0,22.0
2026-10-05 22:20:00,1,0.0,0.0,22.0
2026-10-05 22:25:00,1,0.0,0.0,22.0
2026-10-05 22:30:00,1,0.0,0.0,22.0
2026-10-05 22:35:00,1,-1,0.0,22.0
2026-10-05 22:40:00,1,0.0,0.0,22.0
2026-10-05 22:45:00,1,0.0,0.0,22.0
2026-10-05 22:50:00,1,0.0,0.0,22.0
2026-10-05 22:55:00,1,0.0,0.0,22.0
2026-10-05 23:00:00,1,0.0,0.0,22.0
2026-10-05 23:05:00,1,0.0,0.0,22.0
2026-10-05 23:10:00,1,0.0,0.0,22.0
2026-10-05 23:15:00,1,0.0,0.0,22.0
2026-10-05 23:20:00,1,0.0,0.0,22.0
2026-10-05 23:25:00,1,0.0,0.0,22.0
2026-10-05 23:30:00,1,0.0,0.0,22.0
2026-10-05 23:35:00,1,0.0,0.0,22.0
2026-10-05 23:40:00,1,0.0,0.0,22.0
2026-10-05 23:45:00,1,0.0,0.0,22.0
2026-10-05 23:50:00,1,0.0,,22.0
2026-10-05 23:55:00,1,0.0,0.0,22.0
2026-10-06 00:00:00,1,0.0,0.0,22.0
2026-10-06 00:05:00,1,0.0,0.0,22.0
2026-10-06 00:10:00,1,0.0,0.0,22.0
2026-10-06 00:15:00,1,0.0,0.0,22.0
2026-10-06 00:20:00,1,0.0,0.0,22.0
2026-10-06 00:25:00,1,0.0,0.0,22.0
2026-10-06 00:30:00,1,0.0,0.0,22.0
2026-10-06 00:35:00,1,0.0,0.0,22.0
2026-10-06 00:40:00,1,0.0,0.0,22.0
2026-10-06 00:45:00,1,0.0,0.0,22.0
2026-10-06 00:50:00,1,0.0,0.0,22.0
2026-10-06 00:55:00,1,0.0,0.0,22.0
2026-10-06 01:00:00,1,0.0,0.0,22.0
2026-10-06 01:05:00,1,0.0,0.0,22.0
2026-10-06 01:10:00,1,0.0,0.0,22.0
2026-10-06 01:15:00,1,0.0,0.0,22.0
2026-10-06 01:20:00,1,0.0,0.0,22.0
2026-10-06 01:25:00,1,0.0,0.0,22.0
2026-10-06 01:30:00,1,0.0,0.0,22.0
2026-10-06 01:35:00,1,0.0,0.0,22.0
2026-10-06 01:40:00,1,0.0,0.0,22.0
2026-10-06 01:45:00,1,0.0,0.0,22.0
2026-10-06 01:50:00,1,0.0,0.0,22.0
2026-10-06 01:55:00,1,0.0,0.0,22.0
2026-10-06 02:00:00,1,0.0,0.0,22.0
2026-10-06 02:05:00,1,0.0,0.0,22.0
2026-10-06 02:10:00,1,0.0,0.0,22.0
2026-10-06 02:15:00,1,0.0,0.0,22.0
2026-10-06 02:20:00,1,0.0,0.0,22.0
2026-10-06 02:25:00,1,0.0,0.0,22.0
2026-10-06 02:30:00,1,0.0,0.0,22.0
2026-10-06 02:35:00,1,0.0,0.0,22.0
2026-10-06 02:40:00,1,0.0,0.0,22.0
2026-10-06 02:45:00,1,0.0,0.0,22.0
2026-10-06 02:50:00,1,0.0,0.0,22.0
2026-10-06 02:55:00,1,0.0,0.0,22.0
2026-10-06 03:00:00,1,-1,0.0,22.0
2026-10-06 03:05:00,1,0.0,0.0,22.0
2026-10-06 03:10:00,1,0.0,0.0,22.0
2026-10-06 03:15:00,1,0.0,0.0,22.0
2026-10-06 03:20:00,1,0.0,0.0,22.0
2026-10-06 03:25:00,1,0.0,0.0,22.0
2026-10-06 03:30:00,1,0.0,0.0,22.0
2026-10-06 03:35:00,1,0.0,0.0,22.0
2026-10-06 03:40:00,1,0.0,0.0,22.0
2026-10-06 03:45:00,1,0.0,0.0,22.0
2026-10-06 03:50:00,1,0.0,0.0,22.0
2026-10-06 03:55:00,1,0.0,0.0,22.0
2026-10-06 04:00:00,1,0.0,0.0,22.0
2026-10-06 04:05:00,1,0.0,0.0,22.0
2026-10-06 04:10:00,1,0.0,0.0,22.0
2026-10-06 04:15:00,1,0.0,0.0,22.0
2026-10-06 04:20:00,1,0.0,0.0,22.0
2026-10-06 04:25:00,1,0.0,0.0,22.0
2026-10-06 04:30:00,1,0.0,0.0,22.0
2026-10-06 04:35:00,1,0.0,0.0,22.0
2026-10-06 04:40:00,1,0.0,0.0,22.0
2026-10-06 04:45:00,1,0.0,0.0,22.0
2026-10-06 04:50:00,1,0.0,0.0,22.0
2026-10-06 04:55:00,1,0.0,0.0,22.0
2026-10-06 05:00:00,1,0.0,0.0,22.0
2026-10-06 05:05:00,1,0.0,0.0,22.0
2026-10-06 05:10:00,1,0.0,0.0,22.0
2026-10-06 05:15:00,1,0.0,0.0,22.0
2026-10-06 05:20:00,1,0.0,0.0,22.0
2026-10-06 05:25:00,1,0.0,0.0,22.0
2026-10-06 05:30:00,1,0.0,0.0,22.0
2026-10-06 05:35:00,1,0.0,0.0,22.0
2026-10-06 05:40:00,1,0.0,0.0,22.0
2026-10-06 05:45:00,1,0.0,0.0,22.0
2026-10-06 05:50:00,1,0.0,0.0,22.0
2026-10-06 05:55:00,1,0.0,0.0,22.0
2026-10-06 06:00:00,1,0.0,0.0,22.0
2026-10-06 06:05:00,1,0.077,17.9,22.7
2026-10-06 06:10:00,1,0.142,35.3,23.3
2026-10-06 06:15:00,1,-1,59.1,24.0
2026-10-06 06:20:00,1,0.278,65.0,24.6
2026-10-06 06:25:00,1,0.385,93.8,25.3
2026-10-06 06:30:00,1,0.502,113.1,25.9
2026-10-06 06:35:00,1,0.594,144.6,26.6
2026-10-06 06:40:00,1,0.672,155.7,27.2
2026-10-06 06:45:00,1,0.758,183.7,27.9
2026-10-06 06:50:00,1,0.651,160.3,28.5
2026-10-06 06:55:00,1,0.942,212.4,29.1
2026-10-06 07:00:00,1,0.956,219.6,29.8
2026-10-06 07:05:00,1,1.016,240.8,30.4
2026-10-06 07:10:00,1,1.202,289.5,31.0
2026-10-06 07:15:00,1,1.316,300.8,31.6
2026-10-06 07:20:00,1,1.203,291.4,32.3
2026-10-06 07:25:00,1,1.239,294.0,32.9
2026-10-06 07:30:00,1,1.306,306.6,33.5
2026-10-06 07:35:00,1,1.35,327.1,34.1
2026-10-06 07:40:00,1,1.598,391.2,34.7
2026-10-06 07:45:00,1,1.358,333.0,35.3
2026-10-06 07:50:00,1,1.936,445.6,35.9
2026-10-06 07:55:00,1,1.897,436.9,36.4
2026-10-06 08:00:00,1,1.957,479.1,37.0
2026-10-06 08:05:00,1,1.504,369.1,37.6
2026-10-06 08:10:00,1,2.096,477.1,38.1
2026-10-06 08:15:00,1,-1,551.8,38.7
2026-10-06 08:20:00,1,1.938,434.8,39.2
2026-10-06 08:25:00,1,2.263,529.0,39.7
2026-10-06 08:30:00,1,2.403,587.2,40.3
2026-10-06 08:35:00,1,2.546,571.9,40.8
2026-10-06 08:40:00,1,2.476,555.1,41.3
2026-10-06 08:45:00,1,2.866,637.2,41.8
2026-10-06 08:50:00,1,2.796,622.7,42.3
2026-10-06 08:55:00,1,2.581,636.6,42.7
2026-10-06 09:00:00,1,2.203,549.3,43.2
2026-10-06 09:05:00,1,2.547,567.6,43.7
2026-10-06 09:10:00,1,2.747,675.3,44.1
2026-10-06 09:15:00,1,2.76,670.6,44.6
2026-10-06 09:20:00,1,2.77,666.9,45.0
2026-10-06 09:25:00,1,2.943,673.1,45.4
2026-10-06 09:30:00,1,2.339,572.3,45.8
2026-10-06 09:35:00,1,2.804,674.7,46.2
2026-10-06 09:40:00,1,2.839,638.7,46.6
2026-10-06 09:45:00,1,3.201,762.1,46.9
2026-10-06 09:50:00,1,3.022,690.5,47.3
2026-10-06 09:55:00,1,2.981,687.5,47.6
2026-10-06 10:00:00,1,2.762,639.3,48.0
2026-10-06 10:00:00,1,2.762,639.3,48.0
2026-10-06 10:05:00,1,2.641,647.5,48.3
2026-10-06 10:10:00,1,3.128,772.9,48.6
2026-10-06 10:15:00,1,2.905,652.0,48.9
2026-10-06 10:20:00,1,3.274,814.7,49.2
2026-10-06 10:25:00,1,3.496,868.3,49.5
2026-10-06 10:30:00,1,3.466,,49.7
2026-10-06 10:35:00,1,3.831,860.0,50.0
2026-10-06 10:40:00,1,2.748,682.4,50.2
2026-10-06 10:45:00,1,3.538,862.3,50.4
2026-10-06 10:50:00,1,4.059,931.7,50.6
2026-10-06 10:55:00,1,2.824,705.1,50.8
2026-10-06 11:00:00,1,3.86,858.1,51.0
2026-10-06 11:05:00,1,3.384,836.5,51.1
2026-10-06 11:10:00,1,2.93,696.5,51.3
2026-10-06 11:15:00,1,4.017,963.2,51.4
2026-10-06 11:20:00,1,2.821,693.8,51.5
2026-10-06 11:25:00,1,3.166,791.4,51.7
2026-10-06 11:30:00,1,3.173,728.8,51.7
2026-10-06 11:35:00,1,4.21,961.0,51.8
2026-10-06 11:40:00,1,-1,961.5,51.9
2026-10-06 11:45:00,1,-1,699.4,51.9
2026-10-06 11:50:00,1,3.77,938.9,52.0
2026-10-06 11:55:00,1,4.063,929.9,52.0
2026-10-06 12:00:00,1,4.344,981.0,52.0
2026-10-06 12:05:00,1,4.388,979.0,52.0
2026-10-06 12:10:00,1,3.929,931.1,52.0
2026-10-06 12:15:00,1,4.344,967.9,51.9
2026-10-06 12:20:00,1,3.489,809.0,51.9
2026-10-06 12:25:00,1,4.141,946.4,51.8
2026-10-06 12:30:00,1,3.028,728.7,51.7
2026-10-06 12:35:00,1,3.466,795.2,51.7
2026-10-06 12:35:00,1,3.466,795.2,51.7
2026-10-06 12:40:00,1,2.793,697.7,51.5
2026-10-06 12:45:00,1,3.273,805.2,51.4
2026-10-06 12:50:00,1,4.02,895.3,51.3
2026-10-06 12:55:00,1,3.344,770.7,51.1
2026-10-06 13:00:00,1,3.085,714.2,51.0
2026-10-06 13:05:00,1,2.935,676.9,50.8
2026-10-06 13:10:00,1,3.222,736.6,50.6
2026-10-06 13:15:00,1,3.898,907.2,50.4
2026-10-06 13:20:00,1,3.339,785.6,50.2
2026-10-06 13:25:00,1,3.14,736.3,50.0
2026-10-06 13:30:00,1,2.988,719.0,49.7
2026-10-06 13:35:00,1,3.675,874.1,49.5
2026-10-06 13:40:00,1,3.221,,49.2
2026-10-06 13:45:00,1,2.624,642.9,48.9
2026-10-06 13:50:00,1,2.79,647.4,48.6
2026-10-06 13:55:00,1,2.773,648.6,48.3
2026-10-06 14:00:00,1,3.477,781.0,48.0
2026-10-06 14:05:00,1,2.816,663.0,47.6
2026-10-06 14:10:00,1,2.742,612.2,47.3
2026-10-06 14:15:00,1,3.322,766.3,46.9
2026-10-06 14:20:00,1,3.379,,46.6
2026-10-06 14:25:00,1,2.594,618.4,46.2
2026-10-06 14:30:00,1,-1,723.8,45.8
2026-10-06 14:35:00,1,3.198,715.3,45.4
2026-10-06 14:40:00,1,2.857,650.2,45.0
2026-10-06 14:45:00,1,2.494,591.2,44.6
2026-10-06 14:50:00,1,2.958,724.0,44.1
2026-10-06 14:55:00,1,2.634,631.7,43.7
2026-10-06 15:00:00,1,2.118,519.0,43.2
2026-10-06 15:05:00,1,2.182,497.5,42.7
2026-10-06 15:10:00,1,2.636,601.6,42.3
2026-10-06 15:15:00,1,2.727,610.6,41.8
2026-10-06 15:20:00,1,2.044,471.4,41.3
2026-10-06 15:25:00,1,2.74,615.2,40.8
2026-10-06 15:30:00,1,2.416,584.6,40.3
2026-10-06 15:35:00,1,1.905,450.0,39.7
2026-10-06 15:40:00,1,2.171,539.9,39.2
2026-10-06 15:45:00,1,1.727,414.5,38.7
2026-10-06 15:50:00,1,1.765,413.2,38.1
2026-10-06 15:55:00,1,1.514,371.3,37.6
2026-10-06 16:00:00,1,2.017,457.7,37.0
2026-10-06 16:05:00,1,1.635,408.7,36.4
2026-10-06 16:10:00,1,1.439,334.0,35.9
2026-10-06 16:15:00,1,1.392,,35.3
2026-10-06 16:20:00,1,1.719,,34.7
2026-10-06 16:25:00,1,1.291,312.2,34.1
2026-10-06 16:30:00,1,-1,275.5,33.5
2026-10-06 16:35:00,1,1.225,282.8,32.9
2026-10-06 16:40:00,1,1.077,253.5,32.3
2026-10-06 16:45:00,1,1.292,,31.6
2026-10-06 16:50:00,1,1.26,282.9,31.0
2026-10-06 16:55:00,1,1.055,241.8,30.4
2026-10-06 17:00:00,1,1.117,251.1,29.8
2026-10-06 17:00:00,1,1.117,251.1,29.8
2026-10-06 17:05:00,1,0.899,223.2,29.1
2026-10-06 17:10:00,1,0.879,216.1,28.5
2026-10-06 17:15:00,1,0.797,185.7,27.9
2026-10-06 17:20:00,1,0.624,147.4,27.2
2026-10-06 17:25:00,1,0.591,141.2,26.6
2026-10-06 17:30:00,1,0.453,104.8,25.9
2026-10-06 17:35:00,1,0.328,77.2,25.3
2026-10-06 17:40:00,1,0.34,76.4,24.6
2026-10-06 17:45:00,1,0.242,59.3,24.0
2026-10-06 17:50:00,1,0.164,36.9,23.3
2026-10-06 17:55:00,1,0.078,19.0,22.7
2026-10-06 18:00:00,1,0.0,0.0,22.0
2026-10-06 18:05:00,1,0.0,0.0,22.0
2026-10-06 18:10:00,1,0.0,0.0,22.0
2026-10-06 18:15:00,1,0.0,0.0,22.0
2026-10-06 18:20:00,1,0.0,0.0,22.0
2026-10-06 18:25:00,1,0.0,0.0,22.0
2026-10-06 18:30:00,1,0.0,0.0,22.0
2026-10-06 18:35:00,1,0.0,0.0,22.0
2026-10-06 18:40:00,1,0.0,0.0,22.0
2026-10-06 18:45:00,1,0.0,0.0,22.0
2026-10-06 18:50:00,1,0.0,0.0,22.0
2026-10-06 18:55:00,1,0.0,0.0,22.0
2026-10-06 19:00:00,1,0.0,0.0,22.0
2026-10-06 19:05:00,1,0.0,0.0,22.0
2026-10-06 19:10:00,1,0.0,0.0,22.0
2026-10-06 19:15:00,1,0.0,0.0,22.0
2026-10-06 19:20:00,1,0.0,0.0,22.0
2026-10-06 19:25:00,1,-1,0.0,22.0
2026-10-06 19:30:00,1,0.0,0.0,22.0
2026-10-06 19:35:00,1,0.0,0.0,22.0
2026-10-06 19:40:00,1,0.0,0.0,22.0
2026-10-06 19:45:00,1,0.0,0.0,22.0
2026-10-06 19:45:00,1,0.0,0.0,22.0
2026-10-06 19:50:00,1,0.0,0.0,22.0
2026-10-06 19:55:00,1,0.0,0.0,22.0
2026-10-06 20:00:00,1,0.0,0.0,22.0
2026-10-06 20:05:00,1,0.0,0.0,22.0
2026-10-06 20:10:00,1,0.0,0.0,22.0
2026-10-06 20:15:00,1,0.0,,22.0
2026-10-06 20:20:00,1,0.0,0.0,22.0
2026-10-06 20:25:00,1,0.0,0.0,22.0
2026-10-06 20:30:00,1,0.0,0.0,22.0
2026-10-06 20:35:00,1,0.0,0.0,22.0
2026-10-06 20:40:00,1,0.0,0.0,22.0
2026-10-06 20:45:00,1,0.0,0.0,22.0
2026-10-06 20:50:00,1,0.0,0.0,22.0
2026-10-06 20:55:00,1,0.0,0.0,22.0
2026-10-06 21:00:00,1,0.0,0.0,22.0
2026-10-06 21:05:00,1,0.0,0.0,22.0
2026-10-06 21:10:00,1,0.0,0.0,22.0
2026-10-06 21:15:00,1,0.0,0.0,22.0
2026-10-06 21:20:00,1,0.0,0.0,22.0
2026-10-06 21:25:00,1,-1,0.0,22.0
2026-10-06 21:30:00,1,0.0,0.0,22.0
2026-10-06 21:35:00,1,0.0,0.0,22.0
2026-10-06 21:40:00,1,0.0,0.0,22.0
2026-10-06 21:45:00,1,0.0,0.0,22.0
2026-10-06 21:50:00,1,0.0,0.0,22.0
2026-10-06 21:55:00,1,0.0,0.0,22.0
2026-10-06 22:00:00,1,0.0,0.0,22.0
2026-10-06 22:05:00,1,0.0,0.0,22.0
2026-10-06 22:10:00,1,0.0,0.0,22.0
2026-10-06 22:15:00,1,0.0,0.0,22.0
2026-10-06 22:20:00,1,0.0,0.0,22.0
2026-10-06 22:25:00,1,0.0,0.0,22.0
2026-10-06 22:30:00,1,0.0,0.0,22.0
2026-10-06 22:35:00,1,0.0,0.0,22.0
2026-10-06 22:40:00,1,0.0,0.0,22.0
2026-10-06 22:45:00,1,0.0,0.0,22.0
2026-10-06 22:50:00,1,0.0,0.0,22.0
2026-10-06 22:55:00,1,0.0,0.0,22.0
2026-10-06 23:00:00,1,0.0,0.0,22.0
2026-10-06 23:05:00,1,0.0,0.0,22.0
2026-10-06 23:10:00,1,0.0,0.0,22.0
2026-10-06 23:15:00,1,0.0,0.0,22.0
2026-10-06 23:20:00,1,0.0,0.0,22.0
2026-10-06 23:25:00,1,0.0,0.0,22.0
2026-10-06 23:30:00,1,0.0,0.0,22.0
2026-10-06 23:35:00,1,0.0,0.0,22.0
2026-10-06 23:40:00,1,0.0,0.0,22.0
2026-10-06 23:45:00,1,0.0,0.0,22.0
2026-10-06 23:50:00,1,0.0,0.0,22.0
2026-10-06 23:55:00,1,0.0,0.0,22.0
2026-10-07 00:00:00,1,0.0,0.0,22.0
2026-10-07 00:05:00,1,0.0,0.0,22.0
2026-10-07 00:10:00,1,0.0,0.0,22.0
2026-10-07 00:10:00,1,0.0,0.0,22.0
2026-10-07 00:15:00,1,-1,0.0,22.0
2026-10-07 00:20:00,1,0.0,0.0,22.0
2026-10-07 00:25:00,1,0.0,0.0,22.0
2026-10-07 00:30:00,1,0.0,0.0,22.0
2026-10-07 00:35:00,1,0.0,0.0,22.0
2026-10-07 00:40:00,1,0.0,0.0,22.0
2026-10-07 00:45:00,1,0.0,0.0,22.0
2026-10-07 00:50:00,1,0.0,0.0,22.0
2026-10-07 00:55:00,1,0.0,0.0,22.0
2026-10-07 01:00:00,1,0.0,0.0,22.0
2026-10-07 01:05:00,1,0.0,0.0,22.0
2026-10-07 01:10:00,1,0.0,0.0,22.0
2026-10-07 01:15:00,1,0.0,0.0,22.0
2026-10-07 01:15:00,1,0.0,0.0,22.0
2026-10-07 01:20:00,1,0.0,0.0,22.0
2026-10-07 01:25:00,1,0.0,0.0,22.0
2026-10-07 01:30:00,1,0.0,0.0,22.0
2026-10-07 01:35:00,1,0.0,,22.0
2026-10-07 01:40:00,1,0.0,0.0,22.0
2026-10-07 01:45:00,1,0.0,0.0,22.0
2026-10-07 01:50:00,1,0.0,0.0,22.0
2026-10-07 01:55:00,1,0.0,0.0,22.0
2026-10-07 02:00:00,1,0.0,0.0,22.0
2026-10-07 02:05:00,1,0.0,0.0,22.0
2026-10-07 02:10:00,1,0.0,0.0,22.0
2026-10-07 02:15:00,1,0.0,0.0,22.0
2026-10-07 02:20:00,1,0.0,0.0,22.0
2026-10-07 02:25:00,1,0.0,0.0,22.0
2026-10-07 02:30:00,1,0.0,0.0,22.0
2026-10-07 02:35:00,1,0.0,0.0,22.0
2026-10-07 02:40:00,1,0.0,0.0,22.0
2026-10-07 02:45:00,1,0.0,0.0,22.0
2026-10-07 02:50:00,1,0.0,0.0,22.0
2026-10-07 02:55:00,1,0.0,0.0,22.0
2026-10-07 03:00:00,1,0.0,0.0,22.0
2026-10-07 03:05:00,1,0.0,0.0,22.0
2026-10-07 03:10:00,1,0.0,0.0,22.0
2026-10-07 03:15:00,1,0.0,0.0,22.0
2026-10-07 03:20:00,1,0.0,0.0,22.0
2026-10-07 03:25:00,1,0.0,0.0,22.0
2026-10-07 03:30:00,1,0.0,0.0,22.0
2026-10-07 03:35:00,1,0.0,0.0,22.0
2026-10-07 03:40:00,1,0.0,0.0,22.0
2026-10-07 03:45:00,1,0.0,0.0,22.0
2026-10-07 03:50:00,1,0.0,0.0,22.0
2026-10-07 03:55:00,1,0.0,0.0,22.0
2026-10-07 04:00:00,1,0.0,0.0,22.0
2026-10-07 04:05:00,1,0.0,0.0,22.0
2026-10-07 04:10:00,1,0.0,0.0,22.0
2026-10-07 04:15:00,1,0.0,0.0,22.0
2026-10-07 04:20:00,1,0.0,,22.0
2026-10-07 04:25:00,1,-1,0.0,22.0
2026-10-07 04:30:00,1,0.0,0.0,22.0
2026-10-07 04:35:00,1,0.0,0.0,22.0
2026-10-07 04:40:00,1,0.0,0.0,22.0
2026-10-07 04:45:00,1,0.0,0.0,22.0
2026-10-07 04:50:00,1,0.0,0.0,22.0
2026-10-07 04:55:00,1,0.0,0.0,22.0
2026-10-07 05:00:00,1,0.0,0.0,22.0
2026-10-07 05:05:00,1,0.0,0.0,22.0
2026-10-07 05:10:00,1,0.0,0.0,22.0
2026-10-07 05:15:00,1,0.0,0.0,22.0
2026-10-07 05:20:00,1,0.0,0.0,22.0
2026-10-07 05:25:00,1,0.0,0.0,22.0
2026-10-07 05:30:00,1,0.0,0.0,22.0
2026-10-07 05:35:00,1,0.0,0.0,22.0
2026-10-07 05:40:00,1,0.0,0.0,22.0
2026-10-07 05:45:00,1,0.0,0.0,22.0
2026-10-07 05:50:00,1,0.0,0.0,22.0
2026-10-07 05:55:00,1,0.0,0.0,22.0
2026-10-07 06:00:00,1,0.0,0.0,22.0
2026-10-07 06:05:00,1,0.082,19.8,22.7
2026-10-07 06:05:00,1,0.082,19.8,22.7
2026-10-07 06:10:00,1,0.147,33.5,23.3
2026-10-07 06:15:00,1,0.219,50.0,24.0
2026-10-07 06:20:00,1,0.332,80.2,24.6
2026-10-07 06:25:00,1,-1,91.9,25.3
2026-10-07 06:30:00,1,0.538,129.7,25.9
2026-10-07 06:35:00,1,0.492,116.7,26.6
2026-10-07 06:40:00,1,0.554,124.5,27.2
2026-10-07 06:45:00,1,0.629,139.9,27.9
2026-10-07 06:50:00,1,0.759,186.2,28.5
2026-10-07 06:55:00,1,0.969,231.9,29.1
2026-10-07 07:00:00,1,1.072,254.4,29.8
2026-10-07 07:05:00,1,0.933,225.4,30.4
2026-10-07 07:10:00,1,1.04,235.4,31.0
2026-10-07 07:15:00,1,1.367,312.7,31.6
2026-10-07 07:20:00,1,1.426,320.0,32.3
2026-10-07 07:25:00,1,1.371,341.1,32.9
2026-10-07 07:30:00,1,1.636,379.9,33.5
2026-10-07 07:35:00,1,1.414,342.9,34.1
2026-10-07 07:40:00,1,1.71,394.2,34.7
2026-10-07 07:45:00,1,1.406,315.7,35.3
2026-10-07 07:50:00,1,1.505,370.1,35.9
2026-10-07 07:55:00,1,1.573,382.3,36.4
2026-10-07 08:00:00,1,1.74,396.8,37.0
2026-10-07 08:05:00,1,2.004,454.5,37.6
2026-10-07 08:10:00,1,2.045,501.5,38.1
2026-10-07 08:15:00,1,1.941,465.1,38.7
2026-10-07 08:20:00,1,1.727,424.1,39.2
2026-10-07 08:25:00,1,1.89,428.0,39.7
2026-10-07 08:30:00,1,2.16,514.3,40.3
2026-10-07 08:35:00,1,2.313,533.1,40.8
2026-10-07 08:40:00,1,2.077,517.0,41.3
2026-10-07 08:45:00,1,2.586,641.2,41.8
2026-10-07 08:50:00,1,2.554,636.1,42.3
2026-10-07 08:55:00,1,-1,533.5,42.7
2026-10-07 09:00:00,1,2.758,630.3,43.2
2026-10-07 09:05:00,1,2.726,625.2,43.7
2026-10-07 09:10:00,1,2.279,521.1,44.1
2026-10-07 09:15:00,1,3.116,714.5,44.6
2026-10-07 09:20:00,1,2.75,650.4,45.0
2026-10-07 09:25:00,1,2.48,576.5,45.4
2026-10-07 09:30:00,1,3.308,787.3,45.8
2026-10-07 09:35:00,1,2.466,593.3,46.2
2026-10-07 09:40:00,1,3.049,692.0,46.6
2026-10-07 09:45:00,1,3.668,822.9,46.9
2026-10-07 09:50:00,1,3.086,715.2,47.3
2026-10-07 09:55:00,1,3.351,831.0,47.6
2026-10-07 10:00:00,1,3.459,824.7,48.0
2026-10-07 10:05:00,1,3.157,711.5,48.3
2026-10-07 10:10:00,1,2.673,629.0,48.6
2026-10-07 10:15:00,1,3.21,731.6,48.9
2026-10-07 10:20:00,1,2.932,701.8,49.2
2026-10-07 10:25:00,1,3.008,686.9,49.5
2026-10-07 10:30:00,1,2.95,697.7,49.7
2026-10-07 10:35:00,1,3.622,869.2,50.0
2026-10-07 10:40:00,1,3.914,922.6,50.2
2026-10-07 10:45:00,1,2.977,703.3,50.4
2026-10-07 10:50:00,1,3.633,908.0,50.6
2026-10-07 10:55:00,1,3.654,886.9,50.8
2026-10-07 11:00:00,1,3.134,714.4,51.0
2026-10-07 11:05:00,1,3.469,858.6,51.1
2026-10-07 11:10:00,1,3.597,871.9,51.3
2026-10-07 11:15:00,1,3.608,837.0,51.4
2026-10-07 11:20:00,1,3.603,898.9,51.5
2026-10-07 11:25:00,1,3.534,859.3,51.7
2026-10-07 11:30:00,1,3.59,838.0,51.7
2026-10-07 11:35:00,1,3.62,900.6,51.8
2026-10-07 11:40:00,1,3.378,785.0,51.9
2026-10-07 11:45:00,1,3.694,889.4,51.9
2026-10-07 11:50:00,1,4.017,917.0,52.0
2026-10-07 11:55:00,1,3.834,871.6,52.0
2026-10-07 12:00:00,1,3.361,779.6,52.0
2026-10-07 12:05:00,1,3.31,818.7,52.0
2026-10-07 12:10:00,1,3.182,714.1,52.0
2026-10-07 12:15:00,1,4.137,982.0,51.9
2026-10-07 12:15:00,1,4.137,982.0,51.9
2026-10-07 12:20:00,1,2.928,,51.9
2026-10-07 12:25:00,1,3.342,766.6,51.8
2026-10-07 12:25:00,1,3.342,766.6,51.8
2026-10-07 12:30:00,1,3.798,875.6,51.7
2026-10-07 12:35:00,1,4.278,981.9,51.7
2026-10-07 12:40:00,1,3.161,779.4,51.5
2026-10-07 12:45:00,1,3.79,913.9,51.4
2026-10-07 12:50:00,1,3.579,893.0,51.3
2026-10-07 12:55:00,1,3.66,857.6,51.1
2026-10-07 13:00:00,1,3.489,857.4,51.0
2026-10-07 13:05:00,1,3.977,945.8,50.8
2026-10-07 13:10:00,1,3.506,790.6,50.6
2026-10-07 13:15:00,1,-1,682.2,50.4
2026-10-07 13:20:00,1,2.841,705.7,50.2
2026-10-07 13:25:00,1,3.838,872.6,50.0
2026-10-07 13:30:00,1,3.063,722.6,49.7
2026-10-07 13:35:00,1,2.942,733.9,49.5
2026-10-07 13:40:00,1,4.029,897.7,49.2
2026-10-07 13:45:00,1,3.521,826.6,48.9
2026-10-07 13:50:00,1,3.43,,48.6
2026-10-07 13:55:00,1,3.235,750.4,48.3
2026-10-07 14:00:00,1,2.946,710.7,48.0
2026-10-07 14:05:00,1,3.337,781.8,47.6
2026-10-07 14:10:00,1,2.982,730.5,47.3
2026-10-07 14:15:00,1,3.206,763.8,46.9
2026-10-07 14:20:00,1,2.541,617.6,46.6
2026-10-07 14:25:00,1,2.297,570.0,46.2
2026-10-07 14:30:00,1,2.79,623.1,45.8
2026-10-07 14:35:00,1,2.951,689.6,45.4
2026-10-07 14:40:00,1,3.126,726.7,45.0
2026-10-07 14:45:00,1,2.331,532.7,44.6
2026-10-07 14:50:00,1,2.709,631.3,44.1
2026-10-07 14:55:00,1,2.561,616.7,43.7
2026-10-07 15:00:00,1,2.863,641.9,43.2
2026-10-07 15:05:00,1,2.297,526.2,42.7
2026-10-07 15:10:00,1,2.71,625.7,42.3
2026-10-07 15:15:00,1,2.294,515.2,41.8
2026-10-07 15:20:00,1,2.571,571.6,41.3
2026-10-07 15:25:00,1,2.17,500.1,40.8
2026-10-07 15:30:00,1,1.986,,40.3
2026-10-07 15:35:00,1,1.867,457.8,39.7
2026-10-07 15:40:00,1,1.819,426.0,39.2
2026-10-07 15:45:00,1,2.347,530.3,38.7
2026-10-07 15:50:00,1,1.793,414.8,38.1
2026-10-07 15:55:00,1,2.082,515.5,37.6
2026-10-07 16:00:00,1,1.984,480.6,37.0
2026-10-07 16:05:00,1,1.668,398.0,36.4
2026-10-07 16:10:00,1,1.626,398.0,35.9
2026-10-07 16:15:00,1,1.734,386.6,35.3
2026-10-07 16:20:00,1,1.617,371.8,34.7
2026-10-07 16:25:00,1,1.335,306.1,34.1
2026-10-07 16:30:00,1,1.135,282.9,33.5
2026-10-07 16:35:00,1,1.54,345.6,32.9
2026-10-07 16:40:00,1,1.363,317.8,32.3
2026-10-07 16:45:00,1,0.955,226.3,31.6
2026-10-07 16:50:00,1,1.221,280.1,31.0
2026-10-07 16:55:00,1,1.099,271.6,30.4
2026-10-07 17:00:00,1,1.075,245.9,29.8
2026-10-07 17:05:00,1,0.748,169.0,29.1
2026-10-07 17:10:00,1,0.882,202.5,28.5
2026-10-07 17:15:00,1,0.593,137.4,27.9
2026-10-07 17:20:00,1,0.582,138.3,27.2
2026-10-07 17:25:00,1,0.475,112.8,26.6
2026-10-07 17:30:00,1,0.416,96.1,25.9
2026-10-07 17:35:00,1,0.405,99.1,25.3
2026-10-07 17:40:00,1,0.327,76.4,24.6
2026-10-07 17:45:00,1,0.258,58.2,24.0
2026-10-07 17:50:00,1,0.166,40.7,23.3
2026-10-07 17:55:00,1,0.091,20.4,22.7
2026-10-07 18:00:00,1,0.0,0.0,22.0
2026-10-07 18:05:00,1,0.0,0.0,22.0
2026-10-07 18:10:00,1,0.0,0.0,22.0
2026-10-07 18:15:00,1,0.0,0.0,22.0
2026-10-07 18:20:00,1,0.0,0.0,22.0
2026-10-07 18:25:00,1,0.0,0.0,22.0
2026-10-07 18:30:00,1,0.0,0.0,22.0
2026-10-07 18:35:00,1,0.0,0.0,22.0
2026-10-07 18:40:00,1,0.0,0.0,22.0
2026-10-07 18:45:00,1,0.0,0.0,22.0
2026-10-07 18:50:00,1,0.0,0.0,22.0
2026-10-07 18:55:00,1,0.0,0.0,22.0
2026-10-07 19:00:00,1,0.0,0.0,22.0
2026-10-07 19:05:00,1,0.0,0.0,22.0
2026-10-07 19:10:00,1,0.0,0.0,22.0
2026-10-07 19:15:00,1,0.0,0.0,22.0
2026-10-07 19:20:00,1,0.0,0.0,22.0
2026-10-07 19:25:00,1,0.0,0.0,22.0
2026-10-07 19:30:00,1,0.0,0.0,22.0
2026-10-07 19:35:00,1,0.0,0.0,22.0
2026-10-07 19:40:00,1,0.0,0.0,22.0
2026-10-07 19:40:00,1,0.0,0.0,22.0
2026-10-07 19:45:00,1,0.0,0.0,22.0
2026-10-07 19:50:00,1,0.0,0.0,22.0
2026-10-07 19:55:00,1,0.0,0.0,22.0
2026-10-07 20:00:00,1,0.0,0.0,22.0
2026-10-07 20:05:00,1,0.0,0.0,22.0
2026-10-07 20:10:00,1,0.0,0.0,22.0
2026-10-07 20:15:00,1,0.0,0.0,22.0
2026-10-07 20:20:00,1,0.0,0.0,22.0
2026-10-07 20:25:00,1,0.0,0.0,22.0
2026-10-07 20:30:00,1,-1,0.0,22.0
2026-10-07 20:35:00,1,0.0,0.0,22.0
2026-10-07 20:40:00,1,0.0,0.0,22.0
2026-10-07 20:45:00,1,0.0,0.0,22.0
2026-10-07 20:50:00,1,0.0,0.0,22.0
2026-10-07 20:55:00,1,0.0,0.0,22.0
2026-10-07 21:00:00,1,0.0,0.0,22.0
2026-10-07 21:05:00,1,-1,0.0,22.0
2026-10-07 21:10:00,1,0.0,0.0,22.0
2026-10-07 21:15:00,1,0.0,0.0,22.0
2026-10-07 21:20:00,1,0.0,0.0,22.0
2026-10-07 21:25:00,1,0.0,0.0,22.0
2026-10-07 21:30:00,1,0.0,0.0,22.0
2026-10-07 21:35:00,1,0.0,0.0,22.0
2026-10-07 21:40:00,1,0.0,0.0,22.0
2026-10-07 21:45:00,1,0.0,0.0,22.0
2026-10-07 21:50:00,1,0.0,0.0,22.0
2026-10-07 21:55:00,1,0.0,0.0,22.0
2026-10-07 22:00:00,1,0.0,0.0,22.0
2026-10-07 22:05:00,1,0.0,0.0,22.0
2026-10-07 22:05:00,1,0.0,0.0,22.0
2026-10-07 22:10:00,1,0.0,0.0,22.0
2026-10-07 22:15:00,1,0.0,0.0,22.0
2026-10-07 22:20:00,1,0.0,0.0,22.0
2026-10-07 22:25:00,1,0.0,0.0,22.0
2026-10-07 22:30:00,1,0.0,0.0,22.0
2026-10-07 22:35:00,1,0.0,0.0,22.0
2026-10-07 22:40:00,1,0.0,0.0,22.0
2026-10-07 22:45:00,1,0.0,0.0,22.0
2026-10-07 22:50:00,1,0.0,0.0,22.0
2026-10-07 22:55:00,1,0.0,0.0,22.0
2026-10-07 23:00:00,1,0.0,,22.0
2026-10-07 23:05:00,1,0.0,0.0,22.0
2026-10-07 23:10:00,1,0.0,0.0,22.0
2026-10-07 23:15:00,1,0.0,0.0,22.0
2026-10-07 23:20:00,1,0.0,0.0,22.0
2026-10-07 23:25:00,1,0.0,0.0,22.0
2026-10-07 23:30:00,1,0.0,0.0,22.0
2026-10-07 23:35:00,1,0.0,0.0,22.0
2026-10-07 23:40:00,1,0.0,0.0,22.0
2026-10-07 23:45:00,1,0.0,0.0,22.0
2026-10-07 23:50:00,1,0.0,0.0,22.0
2026-10-07 23:55:00,1,0.0,0.0,22.0
